epoch,loss,val_loss
0,0.14367210865020752,0.12959399819374084
1,0.12005028873682022,0.12313126027584076
2,0.11568890511989594,0.1206841915845871
3,0.11202801018953323,0.11616427451372147
4,0.10877741873264313,0.11178933829069138
5,0.10615410655736923,0.10887894779443741
6,0.10447686910629272,0.10722189396619797
7,0.10298077762126923,0.1047275960445404
8,0.10160911083221436,0.10357610136270523
9,0.10096751898527145,0.10285886377096176
