epoch,loss,val_loss
0,0.13758791983127594,0.1335839480161667
1,0.11724818497896194,0.12206035107374191
2,0.11193008720874786,0.12099931389093399
3,0.11066389083862305,0.11978919804096222
4,0.10966561734676361,0.11789878457784653
5,0.10841505974531174,0.11523561924695969
6,0.10703036189079285,0.11233168095350266
7,0.10563158988952637,0.10983844101428986
8,0.10440432280302048,0.10803794860839844
9,0.1034507006406784,0.10689094662666321
