epoch,loss,val_loss
0,0.17299850285053253,0.19621595740318298
1,0.1373899132013321,0.13455404341220856
2,0.11697328090667725,0.12698107957839966
3,0.11444053798913956,0.123893141746521
4,0.11308223754167557,0.12196763604879379
5,0.11198880523443222,0.12025658786296844
6,0.11039679497480392,0.1172008067369461
7,0.10801979154348373,0.11282690614461899
8,0.10606613010168076,0.11090923845767975
9,0.10510071367025375,0.11014147102832794
