epoch,loss,val_loss
0,0.13442903757095337,0.1498478651046753
1,0.11822810024023056,0.1450359970331192
2,0.11475024372339249,0.13771450519561768
3,0.11077181249856949,0.1317172646522522
4,0.10763810575008392,0.12866133451461792
5,0.10567104071378708,0.1267668753862381
6,0.10422606766223907,0.12526404857635498
7,0.10298584401607513,0.124032162129879
8,0.10108049213886261,0.12121792882680893
9,0.0996861532330513,0.12039705365896225
