epoch,loss,val_loss
0,0.14931084215641022,0.1325603872537613
1,0.11390531063079834,0.12174667418003082
2,0.11057159304618835,0.1195654645562172
3,0.10971999913454056,0.11778127402067184
4,0.10816821455955505,0.114364393055439
5,0.10651412606239319,0.1120925173163414
6,0.1052597239613533,0.11007335782051086
7,0.10411399602890015,0.10855887085199356
8,0.10341823846101761,0.10769166797399521
9,0.10293380171060562,0.10713335126638412
