epoch,loss,val_loss
0,0.12814131379127502,0.13948523998260498
1,0.11222410202026367,0.13417010009288788
2,0.10974089801311493,0.13127535581588745
3,0.10837726294994354,0.1291220635175705
4,0.10707077383995056,0.1268579363822937
5,0.10543037205934525,0.12380439788103104
6,0.10223608464002609,0.11822254955768585
7,0.09725641459226608,0.11250860244035721
8,0.09366171061992645,0.10969780385494232
9,0.0919284075498581,0.10872649401426315
