epoch,loss,val_loss
0,0.12730130553245544,0.1389240175485611
1,0.11308603733778,0.13300375640392303
2,0.10940800607204437,0.12837505340576172
3,0.10711386799812317,0.12510836124420166
4,0.10549075156450272,0.12245213240385056
5,0.10414431989192963,0.1203065738081932
6,0.10309617221355438,0.11858897656202316
7,0.10229970514774323,0.11727409809827805
8,0.10168255865573883,0.11621977388858795
9,0.10117693990468979,0.11531659960746765
