epoch,loss,val_loss
0,0.14169222116470337,0.15787194669246674
1,0.11629993468523026,0.14528441429138184
2,0.1110057607293129,0.13803422451019287
3,0.10684677213430405,0.1307070255279541
4,0.10258223116397858,0.12490992248058319
5,0.09906022250652313,0.12123362720012665
6,0.09649143368005753,0.11888418346643448
7,0.09479127824306488,0.1170772835612297
8,0.09368006139993668,0.11576912552118301
9,0.09292973577976227,0.11491023004055023
