epoch,loss,val_loss
0,0.13373498618602753,0.1224391758441925
1,0.11620654165744781,0.11679545789957047
2,0.11199361830949783,0.11461395770311356
3,0.11048220098018646,0.11323006451129913
4,0.10956655442714691,0.1118241474032402
5,0.10840334743261337,0.10977353155612946
6,0.10634826868772507,0.10678642243146896
7,0.10317987203598022,0.10324613749980927
8,0.09953644871711731,0.1002686619758606
9,0.09668571501970291,0.09866347163915634
