eval IL,train IL 16,train IL 32,train IL 64,train IL 96
16,0.12219683825969696,0.12620611488819122,0.12248524278402328,0.1293695569038391
32,0.11905254423618317,0.1217770203948021,0.11884193867444992,0.12418003380298615
64,0.11072351783514023,0.11339833587408066,0.11109685152769089,0.11545828729867935
96,0.10543514788150787,0.10732250660657883,0.10623754560947418,0.11062728613615036
